{
    "RMSE": 140.88845512901946,
    "MAE": 105.85338013446017,
    "R2": 0.9604237167013436,
    "Best_Lookback": 3
}